,r2_mean_human,r2_var_human,r2_mean_mouse,r2_var_mouse
0,-3.4908549012020815,-2.203954307191446,0.24175846651869015,-0.22751500960108562
